{"cameraMode":{"drawMode":0,"name":"Shaded","section":"Shading Mode"},"sceneLighting":true,"audioPlay":false,"sceneViewState":{"showFog":true,"showMaterialUpdate":false,"showSkybox":true,"showFlares":true,"showImageEffects":true,"showParticleSystems":true},"in2DMode":false,"pivot":{"x":-1.0787429809570313,"y":2.891812324523926,"z":-0.557708740234375},"rotation":{"x":-0.22134868800640107,"y":-0.13206100463867188,"z":0.03026931919157505,"w":-0.9657408595085144},"size":23.07859992980957,"orthographic":false}